44026799,0.542829,1.,78 points,,https://github.com/aspizu/goboscript,22
44020832,0.114064,2.,83 points,,https://techcrunch.com/2025/05/12/inventwood-is-about-to-mass-produce-wood-thats-stronger-than-steel/,69
44012283,0.534651,3.,66 points,,https://www.neowin.net/news/this-printer-company-served-you-malware-for-months-and-dismissed-it-as-false-positives/,25
43995067,0.873323,4.,171 points,,https://phys.org/news/2025-05-reveals-strongest-solar-event-bc.html,83
44027379,0.322102,5.,12 points,,https://www.awanderingmind.blog/posts/2025-05-18-what-does-the-end-of-mathematics-look-like.html,8
44023634,0.520219,6.,17 points,,https://github.com/Blackmamoth/sshsync,12
44020591,0.124361,7.,863 points,,https://domenic.me/fsrs/,457
44025439,0.07464,8.,130 points,,https://worldhistory.substack.com/p/there-are-people-who-can-see-and,22
44022448,0.457161,9.,339 points,,https://amberwilliams.io/blogs/building-my-own-pkms,376
44022353,0.513524,10.,337 points,,https://github.com/brianmg/voynich-nlp-analysis,102
44025484,0.109307,11.,57 points,,https://www.remoteswe.fyi,39
44026170,0.70562,12.,55 points,,https://moonside.games/posts/layers-all-the-way-down/,27
43993311,0.929397,13.,29 points,,https://blog.briankitano.com/llama-from-scratch/,0
44024759,0.182866,14.,446 points,,https://social.numerique.gouv.fr/@codegouvfr/114529954373492878,122
44010096,0.180102,15.,33 points,,https://robhorning.substack.com/p/font-activations,0
44022758,0.841925,16.,256 points,,https://sifter.org/~simon/journal/20240718.html,116
44012418,0.090698,17.,10 points,,https://www.cse.chalmers.se/research/group/logic/book/,0
44022225,0.130634,18.,220 points,,https://notes.andymatuschak.org/Spaced_repetition_memory_system,25
44010684,0.091622,19.,19 points,,https://www.nybooks.com/articles/2025/05/29/the-connoisseur-of-desire-the-annotated-great-gatsby/,0
44026201,0.145995,20.,57 points,,https://ebellani.github.io/blog/2025/the-principles-of-database-design-or-the-truth-is-out-there/,51
44022215,1.33452,21.,169 points,,https://old.reddit.com/r/AskReddit/comments/2s9u0s/comment/cnnmca8/,259
44023680,0.291304,22.,96 points,,https://www.kscale.dev/,43
44024173,0.199546,23.,82 points,,https://pscanf.com/s/341/,58
44023144,0.56451,24.,188 points,,https://github.com/skift-org/vaev,108
44005692,0.138094,25.,72 points,,https://www.tech.tickets/,22
44024055,0.54813,26.,71 points,,https://github.com/gvelesandro/constructor-theory-simulator,8
44009185,0.155739,27.,76 points,,https://arxiv.org/abs/2505.08906,14
44023423,0.096657,28.,114 points,,https://every.to/superorganizers/the-fall-of-roam,62
44016037,0.432828,29.,394 points,,https://suberic.net/~dmm/projects/mystical/README.html,44
43999897,0.217689,30.,204 points,,https://www.eff.org/deeplinks/2025/05/memoriam-john-l-young-cryptome-co-founder,25
44026799,0.137701,1.,77 points,,https://github.com/aspizu/goboscript,22
44020832,0.128524,2.,83 points,,https://techcrunch.com/2025/05/12/inventwood-is-about-to-mass-produce-wood-thats-stronger-than-steel/,69
44012283,0.514335,3.,66 points,,https://www.neowin.net/news/this-printer-company-served-you-malware-for-months-and-dismissed-it-as-false-positives/,25
43995067,>3,4.,171 points,,https://phys.org/news/2025-05-reveals-strongest-solar-event-bc.html,83
44027379,0.305108,5.,12 points,,https://www.awanderingmind.blog/posts/2025-05-18-what-does-the-end-of-mathematics-look-like.html,8
44023634,0.162164,6.,17 points,,https://github.com/Blackmamoth/sshsync,12
44020591,0.140175,7.,863 points,,https://domenic.me/fsrs/,457
44025439,0.250671,8.,130 points,,https://worldhistory.substack.com/p/there-are-people-who-can-see-and,22
44022448,0.40013,9.,339 points,,https://amberwilliams.io/blogs/building-my-own-pkms,376
44022353,0.123949,10.,337 points,,https://github.com/brianmg/voynich-nlp-analysis,102
44025484,0.125702,11.,57 points,,https://www.remoteswe.fyi,39
44026170,0.696371,12.,55 points,,https://moonside.games/posts/layers-all-the-way-down/,27
43993311,1.018226,13.,29 points,,https://blog.briankitano.com/llama-from-scratch/,0
44024759,0.203018,14.,446 points,,https://social.numerique.gouv.fr/@codegouvfr/114529954373492878,122
44010096,0.126694,15.,33 points,,https://robhorning.substack.com/p/font-activations,0
44022758,5.279223,16.,256 points,,https://sifter.org/~simon/journal/20240718.html,116
44012418,0.110589,17.,10 points,,https://www.cse.chalmers.se/research/group/logic/book/,0
44022225,0.959267,18.,220 points,,https://notes.andymatuschak.org/Spaced_repetition_memory_system,25
44010684,0.08322,19.,19 points,,https://www.nybooks.com/articles/2025/05/29/the-connoisseur-of-desire-the-annotated-great-gatsby/,0
44026201,0.13278,20.,57 points,,https://ebellani.github.io/blog/2025/the-principles-of-database-design-or-the-truth-is-out-there/,51
44022215,1.570067,21.,169 points,,https://old.reddit.com/r/AskReddit/comments/2s9u0s/comment/cnnmca8/,259
44023680,0.232278,22.,96 points,,https://www.kscale.dev/,43
44024173,0.30528,23.,82 points,,https://pscanf.com/s/341/,58
44023144,0.615303,24.,188 points,,https://github.com/skift-org/vaev,108
44005692,0.197022,25.,72 points,,https://www.tech.tickets/,22
44024055,0.544625,26.,71 points,,https://github.com/gvelesandro/constructor-theory-simulator,8
44009185,0.146156,27.,76 points,,https://arxiv.org/abs/2505.08906,14
44023423,0.167174,28.,114 points,,https://every.to/superorganizers/the-fall-of-roam,62
44016037,0.420927,29.,394 points,,https://suberic.net/~dmm/projects/mystical/README.html,44
43999897,0.184378,30.,204 points,,https://www.eff.org/deeplinks/2025/05/memoriam-john-l-young-cryptome-co-founder,25
43996422,1.097073,31.,4 points,,https://github.com/vseplet/morph,5
43996770,0.327907,32.,20 points,,https://www.lrb.co.uk/the-paper/v47/n09/ferdinand-mount/the-tongue-is-a-fire,8
44020734,0.544755,33.,189 points,,https://github.com/m4xshen/hardtime.nvim,76
44022484,0.182564,34.,66 points,,https://www.science.org/doi/10.1126/sciadv.adu9368,21
44022265,0.524893,35.,93 points,,https://github.com/paddymul/buckaroo,8
44020975,0.199189,36.,65 points,,https://www.filibeto.org/aduritz/truetrue/e10000/how-e10k-wasborn.html,60
44012538,>3,37.,16 points,,https://github.com/malloydata/publisher,0
44003928,0.164064,38.,29 points,,https://journalofimaginaryresearch.home.blog/,2
44013201,0.189773,39.,47 points,,https://dezyne.org/dezyne/manual/dezyne/dezyne.html,7
44025324,0.412389,40.,78 points,,https://phys.org/news/2025-05-emit-faint-extinguishes-death.html,34
44018886,0.31877,41.,133 points,,https://app.camelai.com/log-in?next=/hn/,101
44027008,0.43999,42.,8 points,,https://phys.org/news/2025-05-successful-quantum-error-qudits.html,0
44020626,0.588953,43.,138 points,,https://github.com/parsaghaffari/browserbee,59
44021883,1.284827,44.,56 points,,https://github.com/MinishLab/model2vec-rs,13
43990262,>3,45.,48 points,,https://www.bbc.com/future/article/20250513-what-chestnuts-reveal-about-the-roman-empire,4
44026456,0.637295,46.,3 points,,https://capalyze.ai/home,2
44027095,>3,47.,6 points,,https://www.youtube.com/watch?v=bWEXnph1ElI,1
44021824,0.47093,48.,169 points,,https://fabiensanglard.net/2168/index.html,82
44024784,0.531732,49.,106 points,,https://www.neowin.net/news/kde-is-finally-getting-a-native-virtual-machine-manager-called-karton/,47
43985513,0.270711,50.,955 points,,https://holdtherobot.com/blog/2025/05/11/linux-on-android-with-ar-glasses/,360
44025912,0.140585,51.,4 points,,https://home.bearcove.eu/,1
43995094,0.621176,52.,18 points,,https://github.com/charliemeyer/yahtzeeql,8
44020315,0.599291,53.,82 points,,https://cutfoldtemplates.com,4
43994190,0.128299,54.,83 points,,https://leetarxiv.substack.com/p/counting-integer-compositions,42
43991185,0.518529,55.,65 points,,https://github.com/EliseZeroTwo/ml1hax,7
44021191,0.39093,56.,68 points,,https://telcontar.net/Misc/GUI/RISCOS/,21
44020914,0.389016,57.,46 points,,https://btxx.org/posts/mail/,21
44024393,0.591371,58.,12 points,,https://github.com/nTh0rn/batch-raycaster,3
43987367,0.807247,59.,98 points,,https://workflows.diagrid.io/,31
44020574,0.205251,60.,56 points,,https://www.nan.usace.army.mil/portals/37/docs/history/hellgate.pdf,21
44023471,0.6091,61.,25 points,,https://github.com/gmcgoldr/stackerror,11
44024987,0.138291,62.,7 points,,https://arxiv.org/abs/2505.10494,2
43991221,>3,63.,112 points,,https://medium.com/@greptime/how-to-supercharge-your-java-project-with-rust-a-practical-guide-to-jni-integration-with-a-86f60e9708b8,41
44015872,0.196636,64.,239 points,,https://johncarlosbaez.wordpress.com/2025/05/17/dead-stars-dont-radiate-and-shrink/,135
44022781,0.18316,65.,37 points,,https://www.racketmeter.com/,12
44016564,0.129455,66.,128 points,,https://arxiv.org/abs/2407.12034,16
44017913,0.127979,67.,335 points,,https://komiko.app/video/AniSora,204
43993711,0.213189,68.,332 points,,https://aruarian.dance/blog/japan-ic-cards/,284
43988975,0.296106,69.,51 points,,https://raymii.org/s/tutorials/High_Available_Mosquitto_MQTT_Broker_on_Kubernetes.html,24
43984770,0.556056,70.,124 points,,https://github.com/espanso/espanso,34
44026959,0.306977,71.,6 points,,https://www.scientificamerican.com/article/linguists-find-proof-of-sweeping-language-pattern-once-deemed-a-hoax/,1
44024718,0.161172,72.,5 points,,https://jessitron.com/2025/05/18/augmented-coding-better-with-principles/,0
44026018,0.301651,73.,15 points,,https://berthub.eu/articles/posts/what-the-open-world-must-do-better/,1
44011232,1.029927,74.,19 points,,https://www.bleepingcomputer.com/news/microsoft/microsoft-confirms-may-windows-10-updates-trigger-bitlocker-recovery/,3
44018283,1.086956,75.,63 points,,https://apps.dtic.mil/sti/pdfs/ADA507172.pdf,26
44024842,0.141002,76.,45 points,,https://halcrawford.substack.com/p/the-economists-global-rip-off,21
44024461,0.362764,77.,6 points,,https://btxx.org/posts/slow/,0
44012615,0.586245,78.,183 points,,https://github.com/prathyvsh/os-catalog,62
44013157,0.118864,79.,535 points,,https://matklad.github.io/2023/11/15/push-ifs-up-and-fors-down.html,193
44020019,0.534854,80.,54 points,,https://www.lucidapogee.com/?page=craftbasic,10
43993707,0.222602,81.,162 points,,https://microsoft.github.io/verona/pyrona.html,131
43995501,1.023803,82.,76 points,,https://www.downtowndougbrown.com/2025/05/how-i-fixed-the-infamous-basilisk-ii-windows-black-screen-bug-in-2013/,9
44018301,0.242073,83.,186 points,,https://boydkane.com/essays/experts,114
44024867,0.218293,84.,4 points,,https://www.etymonline.com/columns/post/bio,2
44015649,0.415014,85.,139 points,,https://new.knife.day/blog/knife-steel-comparisons/all,82
44018662,0.147519,86.,42 points,,https://mathpn.com/posts/climbing-trees-1/,4
44024756,0.814031,87.,6 points,,https://www.noemamag.com/the-neglected-abundance-of-your-backyard/,0
43997636,0.293851,88.,1228 points,,https://www.nytimes.com/2025/05/15/health/gene-editing-personalized-rare-disorders.html,522
44017692,0.242446,89.,147 points,,https://www.journaldulapin.com/2025/05/17/the-lost-japanese-rom-of-the-macintosh-plus-which-isnt-lost-anymore/,44
44024605,0.125761,90.,9 points,,https://weddingeddon.com/,3
44026799,0.552298,1.,78 points,,https://github.com/aspizu/goboscript,22
44020832,0.124556,2.,86 points,,https://techcrunch.com/2025/05/12/inventwood-is-about-to-mass-produce-wood-thats-stronger-than-steel/,74
44012283,0.523989,3.,71 points,,https://www.neowin.net/news/this-printer-company-served-you-malware-for-months-and-dismissed-it-as-false-positives/,27
43995067,0.44629,4.,171 points,,https://phys.org/news/2025-05-reveals-strongest-solar-event-bc.html,83
44023634,0.542739,5.,17 points,,https://github.com/Blackmamoth/sshsync,13
44027379,0.398968,6.,12 points,,https://www.awanderingmind.blog/posts/2025-05-18-what-does-the-end-of-mathematics-look-like.html,9
44020591,0.19586,7.,864 points,,https://domenic.me/fsrs/,457
44025439,0.175214,8.,130 points,,https://worldhistory.substack.com/p/there-are-people-who-can-see-and,22
44022448,0.481328,9.,340 points,,https://amberwilliams.io/blogs/building-my-own-pkms,377
44022353,0.489093,10.,337 points,,https://github.com/brianmg/voynich-nlp-analysis,102
44025484,0.112264,11.,57 points,,https://www.remoteswe.fyi,39
44026170,0.682,12.,55 points,,https://moonside.games/posts/layers-all-the-way-down/,27
43993311,0.94546,13.,29 points,,https://blog.briankitano.com/llama-from-scratch/,0
44024759,0.23058,14.,446 points,,https://social.numerique.gouv.fr/@codegouvfr/114529954373492878,124
44010096,0.131104,15.,33 points,,https://robhorning.substack.com/p/font-activations,0
44022758,0.578823,16.,256 points,,https://sifter.org/~simon/journal/20240718.html,116
44012418,0.123893,17.,10 points,,https://www.cse.chalmers.se/research/group/logic/book/,0
44022225,0.160883,18.,220 points,,https://notes.andymatuschak.org/Spaced_repetition_memory_system,25
44010684,0.076554,19.,19 points,,https://www.nybooks.com/articles/2025/05/29/the-connoisseur-of-desire-the-annotated-great-gatsby/,0
44023680,0.289194,20.,97 points,,https://www.kscale.dev/,43
44022215,1.702681,21.,171 points,,https://old.reddit.com/r/AskReddit/comments/2s9u0s/comment/cnnmca8/,263
44026201,0.151466,22.,57 points,,https://ebellani.github.io/blog/2025/the-principles-of-database-design-or-the-truth-is-out-there/,51
44024173,0.232628,23.,82 points,,https://pscanf.com/s/341/,58
44023144,0.562537,24.,188 points,,https://github.com/skift-org/vaev,109
44005692,0.249667,25.,72 points,,https://www.tech.tickets/,22
44024055,0.50591,26.,71 points,,https://github.com/gvelesandro/constructor-theory-simulator,8
44009185,0.124389,27.,76 points,,https://arxiv.org/abs/2505.08906,14
44023423,0.06242,28.,114 points,,https://every.to/superorganizers/the-fall-of-roam,62
44016037,0.403141,29.,394 points,,https://suberic.net/~dmm/projects/mystical/README.html,44
43999897,0.200875,30.,204 points,,https://www.eff.org/deeplinks/2025/05/memoriam-john-l-young-cryptome-co-founder,25
44026799,0.152989,1.,78 points,,https://github.com/aspizu/goboscript,22
44020832,0.091235,2.,86 points,,https://techcrunch.com/2025/05/12/inventwood-is-about-to-mass-produce-wood-thats-stronger-than-steel/,74
44012283,0.548134,3.,71 points,,https://www.neowin.net/news/this-printer-company-served-you-malware-for-months-and-dismissed-it-as-false-positives/,27
43995067,0.525134,4.,171 points,,https://phys.org/news/2025-05-reveals-strongest-solar-event-bc.html,83
44023634,0.161691,5.,17 points,,https://github.com/Blackmamoth/sshsync,13
44027379,0.420303,6.,12 points,,https://www.awanderingmind.blog/posts/2025-05-18-what-does-the-end-of-mathematics-look-like.html,9
44020591,0.138759,7.,864 points,,https://domenic.me/fsrs/,457
44025439,0.132246,8.,130 points,,https://worldhistory.substack.com/p/there-are-people-who-can-see-and,22
44022448,0.447454,9.,340 points,,https://amberwilliams.io/blogs/building-my-own-pkms,377
44022353,0.146973,10.,337 points,,https://github.com/brianmg/voynich-nlp-analysis,102
44025484,0.130107,11.,57 points,,https://www.remoteswe.fyi,39
44026170,0.72002,12.,55 points,,https://moonside.games/posts/layers-all-the-way-down/,27
43993311,0.953746,13.,29 points,,https://blog.briankitano.com/llama-from-scratch/,0
44024759,0.189711,14.,446 points,,https://social.numerique.gouv.fr/@codegouvfr/114529954373492878,124
44010096,0.610939,15.,33 points,,https://robhorning.substack.com/p/font-activations,0
44022758,0.576399,16.,256 points,,https://sifter.org/~simon/journal/20240718.html,116
44012418,0.125395,17.,10 points,,https://www.cse.chalmers.se/research/group/logic/book/,0
44022225,0.139086,18.,220 points,,https://notes.andymatuschak.org/Spaced_repetition_memory_system,25
44010684,0.09126,19.,19 points,,https://www.nybooks.com/articles/2025/05/29/the-connoisseur-of-desire-the-annotated-great-gatsby/,0
44023680,0.240964,20.,97 points,,https://www.kscale.dev/,43
44022215,2.165151,21.,171 points,,https://old.reddit.com/r/AskReddit/comments/2s9u0s/comment/cnnmca8/,263
44026201,0.147244,22.,57 points,,https://ebellani.github.io/blog/2025/the-principles-of-database-design-or-the-truth-is-out-there/,51
44024173,0.176201,23.,82 points,,https://pscanf.com/s/341/,58
44023144,0.149146,24.,188 points,,https://github.com/skift-org/vaev,109
44005692,0.149306,25.,72 points,,https://www.tech.tickets/,22
44024055,0.160854,26.,71 points,,https://github.com/gvelesandro/constructor-theory-simulator,8
44009185,0.117717,27.,76 points,,https://arxiv.org/abs/2505.08906,14
44023423,0.074913,28.,114 points,,https://every.to/superorganizers/the-fall-of-roam,62
44016037,0.414133,29.,394 points,,https://suberic.net/~dmm/projects/mystical/README.html,44
43999897,0.16443,30.,204 points,,https://www.eff.org/deeplinks/2025/05/memoriam-john-l-young-cryptome-co-founder,25
43996422,0.134094,31.,4 points,,https://github.com/vseplet/morph,5
43996770,0.479482,32.,20 points,,https://www.lrb.co.uk/the-paper/v47/n09/ferdinand-mount/the-tongue-is-a-fire,8
44020734,0.119315,33.,189 points,,https://github.com/m4xshen/hardtime.nvim,76
44022484,0.131341,34.,66 points,,https://www.science.org/doi/10.1126/sciadv.adu9368,21
44022265,0.151302,35.,93 points,,https://github.com/paddymul/buckaroo,8
44020975,0.1962,36.,65 points,,https://www.filibeto.org/aduritz/truetrue/e10000/how-e10k-wasborn.html,60
44012538,0.140469,37.,16 points,,https://github.com/malloydata/publisher,0
44003928,0.102442,38.,29 points,,https://journalofimaginaryresearch.home.blog/,2
44013201,0.173935,39.,47 points,,https://dezyne.org/dezyne/manual/dezyne/dezyne.html,7
44025324,0.53168,40.,78 points,,https://phys.org/news/2025-05-emit-faint-extinguishes-death.html,34
44018886,0.273744,41.,133 points,,https://app.camelai.com/log-in?next=/hn/,101
44020626,0.62129,42.,138 points,,https://github.com/parsaghaffari/browserbee,59
44027008,0.433247,43.,8 points,,https://phys.org/news/2025-05-successful-quantum-error-qudits.html,0
44021883,0.735853,44.,56 points,,https://github.com/MinishLab/model2vec-rs,13
43990262,>3,45.,48 points,,https://www.bbc.com/future/article/20250513-what-chestnuts-reveal-about-the-roman-empire,4
44026456,0.662072,46.,3 points,,https://capalyze.ai/home,2
44027095,>3,47.,6 points,,https://www.youtube.com/watch?v=bWEXnph1ElI,0
44021824,0.422989,48.,170 points,,https://fabiensanglard.net/2168/index.html,82
44024784,0.520614,49.,106 points,,https://www.neowin.net/news/kde-is-finally-getting-a-native-virtual-machine-manager-called-karton/,47
43985513,0.226618,50.,956 points,,https://holdtherobot.com/blog/2025/05/11/linux-on-android-with-ar-glasses/,360
44025912,0.093324,51.,4 points,,https://home.bearcove.eu/,0
44020315,0.598202,52.,82 points,,https://cutfoldtemplates.com,4
43995094,0.523249,53.,18 points,,https://github.com/charliemeyer/yahtzeeql,8
43994190,0.148032,54.,83 points,,https://leetarxiv.substack.com/p/counting-integer-compositions,42
43991185,0.514275,55.,65 points,,https://github.com/EliseZeroTwo/ml1hax,7
44021191,0.407493,56.,68 points,,https://telcontar.net/Misc/GUI/RISCOS/,21
44020914,0.378998,57.,46 points,,https://btxx.org/posts/mail/,21
44024393,0.129644,58.,12 points,,https://github.com/nTh0rn/batch-raycaster,3
43987367,0.626621,59.,98 points,,https://workflows.diagrid.io/,31
44020574,0.139,60.,56 points,,https://www.nan.usace.army.mil/portals/37/docs/history/hellgate.pdf,21
44023471,0.15667,61.,25 points,,https://github.com/gmcgoldr/stackerror,11
44024987,0.14341,62.,7 points,,https://arxiv.org/abs/2505.10494,2
43991221,>3,63.,112 points,,https://medium.com/@greptime/how-to-supercharge-your-java-project-with-rust-a-practical-guide-to-jni-integration-with-a-86f60e9708b8,41
44015872,0.166519,64.,239 points,,https://johncarlosbaez.wordpress.com/2025/05/17/dead-stars-dont-radiate-and-shrink/,135
44016564,0.121511,65.,128 points,,https://arxiv.org/abs/2407.12034,16
44022781,0.10086,66.,37 points,,https://www.racketmeter.com/,12
44017913,0.114749,67.,335 points,,https://komiko.app/video/AniSora,204
43993711,0.162382,68.,332 points,,https://aruarian.dance/blog/japan-ic-cards/,284
43988975,0.207671,69.,51 points,,https://raymii.org/s/tutorials/High_Available_Mosquitto_MQTT_Broker_on_Kubernetes.html,24
43984770,0.148485,70.,124 points,,https://github.com/espanso/espanso,34
44026959,0.285373,71.,6 points,,https://www.scientificamerican.com/article/linguists-find-proof-of-sweeping-language-pattern-once-deemed-a-hoax/,0
44024718,0.142056,72.,5 points,,https://jessitron.com/2025/05/18/augmented-coding-better-with-principles/,0
44026018,0.25868,73.,15 points,,https://berthub.eu/articles/posts/what-the-open-world-must-do-better/,0
44011232,0.703695,74.,19 points,,https://www.bleepingcomputer.com/news/microsoft/microsoft-confirms-may-windows-10-updates-trigger-bitlocker-recovery/,3
44018283,0.724247,75.,63 points,,https://apps.dtic.mil/sti/pdfs/ADA507172.pdf,26
44024842,0.099432,76.,45 points,,https://halcrawford.substack.com/p/the-economists-global-rip-off,21
44012615,0.192172,77.,183 points,,https://github.com/prathyvsh/os-catalog,62
44024461,0.382908,78.,6 points,,https://btxx.org/posts/slow/,0
44013157,0.156392,79.,535 points,,https://matklad.github.io/2023/11/15/push-ifs-up-and-fors-down.html,193
44020019,0.476036,80.,54 points,,https://www.lucidapogee.com/?page=craftbasic,10
43993707,0.219597,81.,162 points,,https://microsoft.github.io/verona/pyrona.html,131
43995501,0.925525,82.,76 points,,https://www.downtowndougbrown.com/2025/05/how-i-fixed-the-infamous-basilisk-ii-windows-black-screen-bug-in-2013/,9
44018301,0.175291,83.,186 points,,https://boydkane.com/essays/experts,114
44024867,0.173718,84.,4 points,,https://www.etymonline.com/columns/post/bio,2
44015649,0.117858,85.,139 points,,https://new.knife.day/blog/knife-steel-comparisons/all,82
44018662,0.129634,86.,42 points,,https://mathpn.com/posts/climbing-trees-1/,4
44024756,0.766118,87.,6 points,,https://www.noemamag.com/the-neglected-abundance-of-your-backyard/,0
43997636,0.185793,88.,1228 points,,https://www.nytimes.com/2025/05/15/health/gene-editing-personalized-rare-disorders.html,522
44017692,0.315213,89.,147 points,,https://www.journaldulapin.com/2025/05/17/the-lost-japanese-rom-of-the-macintosh-plus-which-isnt-lost-anymore/,44
44024605,0.115375,90.,9 points,,https://weddingeddon.com/,3
44017592,0.465341,91.,111 points,,https://freebasic.net/,41
44015144,0.520819,92.,334 points,,https://tadaima.bearblog.dev/if-nothing-is-curated-how-do-we-find-things/,243
43976274,0.155958,93.,85 points,,https://www.theguardian.com/science/2025/may/13/heart-cells-mouse-embryo-science-research,18
44026367,0.138577,94.,9 points,,https://blogs.kde.org/2025/05/18/gsoc-2025-project-intro-developing-karton-the-kde-virtual-machine-manager/,0
44015367,1.270666,95.,254 points,,https://webkit.org/blog/16929/contrast-color/,72
44009848,0.191615,96.,483 points,,https://cloud.google.com/blog/products/databases/techniques-for-improving-text-to-sql,344
43983201,0.126251,97.,66 points,,https://www.morling.dev/blog/streaming-vs-batch-wrong-dichotomy/,42
43991554,0.164478,98.,22 points,,https://www.nytimes.com/2025/05/14/arts/design/sothebys-flop-giacometti-sculptor.html,27
44014046,0.298184,99.,336 points,,https://mastdatabase.co.uk/blog/2025/05/o2-expose-customer-location-call-4g/,69
44014587,0.238295,100.,218 points,,https://30fps.net/pages/palette-lighting-tricks-n64/,52
44020469,0.161052,101.,26 points,,https://iplo.nl/publish/pages/235260/state-of-the-art-pfas.pdf,4
43986821,0.25994,102.,60 points,,https://www.nature.com/articles/d41586-025-01515-z,44
43997135,0.283391,103.,140 points,,https://popcorn.swmansion.com/,27
44023995,0.269324,104.,3 points,,https://www.clickworlddaily.com/2025/05/why-every-generation-thinks-its-last.html,2
43996555,0.794363,105.,143 points,Launch HN: Tinfoil (YC X25): Verifiable Privacy for Cloud AI,https://news.ycombinator.com/item?id=43996555,100
43997467,0.202161,106.,44 points,,https://austinkleon.substack.com/p/a-library-of-words,13
44021607,0.48666,107.,7 points,,https://graffitiart.app,0
44013913,>3,108.,230 points,,https://engineering.fb.com/2025/05/15/developer-tools/introducing-pyrefly-a-new-type-checker-and-ide-experience-for-python/,155
44015557,0.506056,109.,33 points,,https://github.com/anthay/ELIZA,6
44007644,1.006521,110.,0 points,,https://news.ycombinator.com/from?site=ycombinator.com,0
44012227,0.171786,111.,322 points,,https://v8.dev/features/explicit-resource-management,227
43991962,0.596234,112.,76 points,,https://rohan.ga/blog/startup_types/,83
43998049,0.806908,113.,189 points,,https://windsurf.com/blog/windsurf-wave-9-swe-1,61
44016289,0.663212,114.,45 points,,https://xata.io/blog/xata-postgres-with-data-branching-and-pii-anonymization,16
44024503,0.156566,115.,22 points,,https://www.nytimes.com/2025/05/17/business/paychex-401k-rollover-checks.html,17
44022384,0.233869,116.,7 points,,https://intmainreturn0.com/notes/stacktrace-is-finally-cheap.html,0
44027100,0.620687,117.,4 points,,https://www.gimp.org/news/2025/05/18/gimp-3-0-4-released/,0
43983196,1.182633,118.,95 points,,https://newatlas.com/bicycles/proxicycle-bicycle-sensor-safe-cycling-routes/,59
44019386,0.23477,119.,141 points,,https://www.theguardian.com/us-news/2025/may/18/mexican-navy-ship-hits-brooklyn-bridge-during-promotional-tour,78
44023635,0.013342,120.,5 points,,http://inversed.ru/CoreWar_Challenge_2.htm,2
44008843,0.547857,121.,676 points,,https://dcurt.is/thinking,424
44023663,0.194089,122.,50 points,,https://addyo.substack.com/p/ai-wont-kill-junior-devs-but-your,65
44012729,0.144918,123.,108 points,,https://seiya.me/blog/riscv-hypervisor,4
44011254,0.700608,124.,79 points,,https://github.com/merliot/hub,23
44006345,0.106164,125.,500 points,,https://openai.com/index/introducing-codex/,426
44017832,0.817386,126.,34 points,,https://flang.llvm.org/docs/FortranForCProgrammers.html,29
43998341,0.528403,127.,28 points,,https://github.com/pixeltable/pixelagent,14
44013181,0.646505,128.,92 points,,https://topp.openproblem.net/,12
44011381,0.602055,129.,188 points,,https://lwn.net/SubscriberLink/1017720/7155ecb9602e9ef2/,209
44025022,0.569014,130.,71 points,,https://github.com/veltman/ca-license-plates,80
44014808,0.250713,131.,466 points,,https://www.techradar.com/vpn/vpn-privacy-security/we-would-be-less-confidential-than-google-proton-threatens-to-quit-switzerland-over-new-surveillance-law,207
44013671,0.142085,132.,66 points,,https://miasap.se/obnc/,20
43971177,0.252511,133.,296 points,,https://www.thecoder.cafe/p/complex-systems,142
44022233,0.552358,134.,63 points,,https://apod.nasa.gov/apod/ap250518.html,16
44022876,0.426806,135.,5 points,,https://passo.uno/how-to-grow-senior-tech-writer/,0
44026202,0.262416,136.,45 points,,https://www.wsj.com/us-news/education/college-towns-economy-macomb-illinois-aae84dcc,42
44012247,0.48102,137.,47 points,,https://github.com/SimonHalvdansson/Harmonic-HN,20
43987852,>3,138.,33 points,,https://www.jpl.nasa.gov/news/nasa-observes-first-visible-light-auroras-at-mars/,6
44006426,0.200798,139.,377 points,,https://economics.mit.edu/news/assuring-accurate-research-record,197
44026182,>3,140.,4 points,,https://www.youtube.com/watch?v=zMnNVJkIf6I,0
44000759,0.195559,141.,226 points,,https://teal-language.org/,167
44011489,0.362977,142.,191 points,,https://phl.upr.edu/wow/outreach,33
43981198,>3,143.,88 points,,https://www.bbc.co.uk/news/articles/cx2enydkew3o,291
44016621,0.173926,144.,138 points,,https://arxiv.org/abs/2505.09662,114
44005195,0.148002,145.,161 points,,https://kobzol.github.io/rust/rustc/2025/05/16/evolution-of-rustc-errors.html,35
43984860,0.151071,146.,146 points,,https://radanskoric.com/articles/coding-agent-in-ruby,83
44013046,0.145491,147.,38 points,,https://blog.zamzar.com/2016/07/13/life-before-the-web-running-a-startup-in-the-1980s/,7
44017098,0.17755,148.,22 points,,https://www.legacy.com/us/obituaries/name/gail-wellington-obituary?id=58418580,6
43998707,0.214696,149.,171 points,,https://codeberg.org/unspeaker/tek,23
43985489,0.201607,150.,1021 points,,https://deepmind.google/discover/blog/alphaevolve-a-gemini-powered-coding-agent-for-designing-advanced-algorithms/,264
43993897,0.799628,151.,114 points,,https://arstechnica.com/space/2025/05/venus-aerospace-flies-its-rotating-detonation-rocket-engine-for-the-first-time/,73
43977896,0.156099,152.,48 points,,https://loeber.substack.com/p/24-insurance-for-ai-easier-said-than,18
44022188,0.311933,153.,3 points,,https://elsman.com/mlkit/pdf/retro.pdf,0
44021993,0.216926,154.,3 points,,https://akselmo.dev/posts/konsole-layout-changes/,0
44017317,0.511061,155.,20 points,,https://heimildin.is/grein/24581/,4
44006381,0.778017,156.,250 points,"I'm Peter Roberts, immigration attorney, who does work for YC and startups. AMA",https://news.ycombinator.com/item?id=44006381,446
44008412,0.337733,157.,74 points,,https://www.lrb.co.uk/the-paper/v47/n09/david-thomson/cool-tricking,43
43975352,0.593651,158.,352 points,,https://design.google/library/expressive-material-design-google-research,547
43975404,0.323346,159.,69 points,,https://nick-lane.net/books/transformer-the-deep-chemistry-of-life-and-death/,10
43974872,0.554039,160.,130 points,,https://yeet.cx/blog/lock-free-rust/,59
44013470,>3,161.,32 points,,https://www.washingtonpost.com/technology/2025/05/16/google-amazon-ebooks-apps/,10
44014661,0.584588,162.,28 points,,https://github.com/PhialsBasement/AlphaEvolve-MatrixMul-Verification,0
43982495,0.793594,163.,103 points,,https://www.nextplatform.com/2025/05/12/armv9-architecture-helps-lift-arm-to-new-financial-heights/,94
43997932,0.776817,164.,125 points,,https://www.experimental-history.com/p/new-paradigm-for-psychology-just,88
43972425,0.802283,165.,215 points,"Launch HN: Miyagi (YC W25) turns YouTube videos into online, interactive courses",https://news.ycombinator.com/item?id=43972425,120
43999748,0.228615,166.,426 points,,https://hueffner.de/falk/blog/a-leap-year-check-in-three-instructions.html,163
44006231,0.656557,167.,243 points,,https://github.com/gorenje/erlang-red,101
43988381,0.593156,168.,223 points,,https://github.com/pig-dot-dev/muscle-mem,51
43976504,0.144822,169.,89 points,,https://dancrimp.nz/2025/03/31/hardware/,12
43993982,0.78803,170.,55 points,Ask HN: What's your go-to message queue in 2025?,https://news.ycombinator.com/item?id=43993982,89
44026294,>3,171.,11 points,,https://www.youtube.com/watch?v=AiekGcwaIho,4
44015162,>3,172.,18 points,,https://public.support.unisys.com/framework/publicterms.aspx?returnurl=%2faseries%2fdocs%2fClearPath-MCP-20.0%2f26211060-014%2fWebHelp%2fIntroduction_to_Security_Services%2fSecurity_Overview.htm,2
43996307,1.227172,173.,416 points,,https://www.cnbc.com/2025/05/15/coinbase-says-hackers-bribed-staff-to-steal-customer-data-and-are-demanding-20-million-ransom.html,494
43972334,0.163546,174.,207 points,,https://www.speakeasy.com/mcp/mcp-tutorial,93
44009894,0.520442,175.,68 points,,https://github.com/vcms-io/solidis,8
43998115,0.549251,176.,140 points,,https://ahelwer.ca/post/2025-05-15-tla-dev-status/,37
44005110,0.37093,177.,109 points,,https://www.lesswrong.com/posts/YE4XsvSFJiZkWFtFE/explaining-british-naval-dominance-during-the-age-of-sail,85
44012074,0.573179,178.,46 points,,https://github.com/moustafa-nasr/fahmatrix,13
44014011,0.393643,179.,22 points,,https://cheriot.org/cheri/history/2025/05/16/last-ten-years.html,0
44001391,0.502806,180.,92 points,,https://github.com/billorcutt/i_dropped_my_phone_the_screen_cracked,23
43994333,0.880322,181.,155 points,,https://juhrjuhr.itch.io/deep-space-exploitation/devlog/945428/9-pathfinding,46
44010922,0.209115,182.,68 points,,https://theintercept.com/2025/05/12/google-nimbus-israel-military-ai-human-rights/,22
44021028,0.496271,183.,130 points,,https://www.jefftk.com/p/google-logo-ligature-bug,38
44016946,1.007344,184.,26 points,,https://ai-tutor.mvpwrappers.com/,7
43996226,0.66871,185.,23 points,,https://www.sci.news/astronomy/titan-weather-13907.html,0
44003445,0.213908,186.,288 points,,https://labs.quansight.org/blog/free-threaded-one-year-recap,284
43991396,0.884945,187.,722 points,,https://quarter--mile.com/Human,266
43972669,0.23116,188.,169 points,,https://www.memorysafety.org/blog/rustls-server-perf/,59
43971853,0.131497,189.,684 points,,https://neal.fun/internet-artifacts/,139
44007714,0.238127,190.,51 points,,https://www.quantamagazine.org/new-superdiffusion-proof-probes-the-mysterious-math-of-turbulence-20250516/,11
43983871,0.266002,191.,796 points,,https://www.lux.camera/what-is-hdr/,336
44011515,0.538159,192.,192 points,,https://github.com/xtool-org/xtool,61
44025610,0.55487,193.,4 points,,https://staysaasy.com/management/2025/04/06/precise-language.html,0
44004827,0.669236,194.,85 points,,https://github.com/pgjones/sql-tstring,35
43970953,0.291628,195.,56 points,,https://lpython.org/blog/2023/07/lpython-novel-fast-retargetable-python-compiler/,23
44016530,0.552292,196.,107 points,,https://robertheaton.com/2020/02/05/wacom-drawing-tablets-track-name-of-every-application-you-open/,50
44006824,0.13449,197.,194 points,,https://arxiv.org/abs/2505.09814,60
43981971,0.547644,198.,144 points,,https://github.com/Nicoshev/rapidhash,52
43973677,0.398581,199.,71 points,,https://spectrum.ieee.org/zinc-microcapacitor,8
43970057,0.164907,200.,92 points,,https://gkrellm.srcbox.net/,36
43972449,0.233569,201.,68 points,,https://www.jasonthorsness.com/26,26
44011139,0.291362,202.,37 points,,http://www.mrob.com/pub/comp/xmorphia/ogl/index.html,4
43998008,0.222234,203.,90 points,,https://computeradsfromthepast.substack.com/p/dr-dobbs-journal-interviews-jef-raskin,79
44023081,0.605672,204.,12 points,,https://www.xda-developers.com/llm-running-commodore-64/,4
43998472,0.61543,205.,439 points,,https://sketch.dev/blog/agent-loop,317
43994827,0.583546,206.,143 points,,https://github.com/axbycc/LiveSplat,51
44003347,0.200185,207.,77 points,,https://blog.fka.dev/blog/2025-05-16-beyond-text-only-ai-on-demand-ui-generation-for-better-conversational-experiences/,38
43972485,0.260685,208.,211 points,,https://davelucia.com/blog/lua-elixir,79
44001087,0.25411,209.,351 points,,https://ollama.com/blog/multimodal-models,83
44006735,0.557694,210.,75 points,,https://github.com/A2-ai/rv,31
44024843,0.174317,211.,58 points,,https://www.uu.se/en/press/press-releases/2025/2025-05-15-the-effect-of-physical-fitness-on-mortality-is-overestimated,74
44025380,>3,212.,5 points,,https://twitter.com/jxmnop/status/1924207755956478400,0
43988070,0.245717,213.,31 points,,https://advanced.onlinelibrary.wiley.com/doi/10.1002/advs.202412167,6
43992242,0.652985,214.,32 points,,http://muratbuffalo.blogspot.com/2025/05/chapter-2-serializability-theory.html,0
43975423,0.7289,215.,236 points,,https://github.com/HelixDB/helix-db/,107
44015614,0.518052,216.,18 points,,https://github.com/kordless/gnosis-evolve/blob/main/README.md,2
44025299,0.241435,217.,4 points,,https://slate.com/life/2025/05/jobs-ai-job-hiring-character-interview.html,0
44004625,>3,218.,274 points,,https://sci-hub.se/sci-net,119
44024548,1.096639,219.,10 points,,https://old.reddit.com/r/AI_Agents/comments/1knch0r/ai_agents_in_2025_what_everyones_getting_wrong/,0
44015657,0.17434,220.,99 points,,https://bigthink.com/strange-maps/portugal-to-singapore-train/,44
43991500,0.234243,221.,32 points,,https://www.nature.com/articles/d41586-025-01464-7,2
44009464,0.13359,222.,192 points,,https://clojurescript.org/news/2025-05-16-release,42
44025263,0.274899,223.,7 points,,https://www.sciencealert.com/the-universe-is-suspiciously-like-a-computer-simulation-physicist-says,5
44005008,0.150898,224.,243 points,,https://thenewstack.io/java-at-30-the-genius-behind-the-code-that-changed-tech/,405
44007065,1.067974,225.,68 points,,https://github.com/browser-use/workflow-use,22
43996431,0.229315,226.,482 points,,https://dynomight.net/numpy/,205
44004388,0.264006,227.,509 points,,https://virtualize.sh/blog/ground-control-to-major-trial/,189
44008005,0.172467,228.,34 points,,https://twistedsifter.com/2013/02/what-200-calories-of-various-foods-look-like/,8
44019193,0.823913,229.,14 points,Ask HN: Do people actually pay for small web tools?,https://news.ycombinator.com/item?id=44019193,14
44022352,0.305619,230.,10 points,,https://en.wikipedia.org/wiki/Squirrel_(programming_language),0
44024322,0.471094,231.,14 points,,https://www.bloomberg.com/news/features/2025-05-18/how-apple-intelligence-and-siri-ai-went-so-wrong,4
44022859,0.311141,232.,8 points,,https://www.psychologytoday.com/us/blog/meaningful-work/202505/the-three-cs-of-meaningful-work,2
44001765,0.388707,233.,197 points,,https://faculty.georgetown.edu/jod/texts/twain.german.html,472
43971515,0.210547,234.,439 points,,https://www.nytimes.com/interactive/2025/05/11/upshot/congestion-pricing.html,702
44022799,0.23672,235.,13 points,,https://www.livescience.com/technology/artificial-intelligence/ai-models-cant-tell-time-or-read-a-calendar-study-reveals,7
43971616,0.324929,236.,306 points,,https://devblogs.microsoft.com/oldnewthing/20250507-00/?p=111157,164
43995700,0.235629,237.,13 points,,https://www.newyorker.com/culture/infinite-scroll/how-cory-arcangel-recovered-a-late-artists-digital-legacy,5
43997071,0.245268,238.,30 points,,https://www.smithsonianmag.com/travel/the-joys-of-discovering-the-roman-underground-from-the-colosseum-to-whats-beneath-the-trevi-foundation-180986626/,18
44017682,0.130833,239.,57 points,,https://gabrielweinberg.com/p/science-funding-was-already-way-too,4
44014384,0.256139,240.,55 points,,https://www.theatlantic.com/technology/archive/2025/05/alternative-device-fair/682837/,57
43991256,0.141784,241.,371 points,,https://arxiv.org/abs/2505.06120,254
43986424,0.171329,242.,182 points,,https://aeon.co/essays/why-does-every-film-and-tv-series-seem-to-have-the-same-plot,143
43984097,0.27631,243.,185 points,,https://www.blacksmith.sh/blog/the-economics-of-operating-a-ci-cloud,44
44010694,0.598128,244.,23 points,,https://github.com/pallene-lang/pallene,3
44024919,0.260888,245.,54 points,,https://www.wsj.com/finance/currencies/crypto-industry-robberies-attacks-32c2867a,31
44022529,0.258413,246.,17 points,,https://yusufaytas.com/reflecting-on-software-engineering-handbook/,0
44024896,2.098947,247.,6 points,,https://www.escardio.org/The-ESC/Press-Office/Press-releases/Waist-to-height-ratio-predicts-heart-failure-incidence,2
43982892,0.117738,248.,93 points,,https://easel.games/about,44
43996251,0.134929,249.,115 points,,https://undetectag.com/,98
43998485,0.244241,250.,21 points,,https://www.mux.com/blog/worst-video-player,9
43968693,0.385774,251.,76 points,,https://beesbuzz.biz/blog/14719-Comma-3X-Initial-impressions,55
44020295,0.438518,252.,30 points,,https://greasyfork.org/en/scripts/452024-hacker-news-anti-paywall,6
43974461,0.550822,253.,153 points,,https://yucatanmagazine.com/mayan-language-renaissance/,65
43988518,0.975227,254.,17 points,,https://research.ibm.com/blog/richard-garwin-obituary,0
43972154,0.23566,255.,30 points,,https://www.nature.com/articles/s41467-025-58659-9,5
43971442,0.166221,256.,55 points,,https://en.wikipedia.org/wiki/Rolling_highway,40
43986229,0.76915,257.,14 points,,https://spacepolicyonline.com/news/im-2s-imperfect-landing-due-to-altimeter-interference-south-pole-lighting-conditions/,4
44000700,0.287025,258.,340 points,,https://www.theregister.com/2025/05/15/voyager_1_survives_with_thruster_fix/,86
43971941,0.177838,259.,78 points,,https://www.nasa.gov/centers-and-facilities/stennis/stennis-first-open-source-software/,32
43997286,0.225725,260.,58 points,,https://www.mbid.me/posts/stop-using-rest-for-state-synchronization/,29
43999492,0.474105,261.,187 points,,https://blog.tartanllama.xyz/initialization-is-bonkers/,248
43982784,0.516347,262.,89 points,,https://ati.woodlandtrust.org.uk/,71
44013154,0.291706,263.,69 points,,https://sidsite.com/posts/life-transformer/,35
44010659,0.151452,264.,29 points,,https://www.nytimes.com/2025/05/04/books/review/the-dazzling-paget-sisters-ariane-bankes.html,6
44009621,0.118876,265.,41 points,,https://aeon.co/essays/who-needs-ai-text-generation-when-theres-erasmus-of-rotterdam,12
44010705,0.265721,266.,113 points,,https://cacm.acm.org/news/the-collapse-of-gpt/,144
43971944,0.803919,267.,30 points,,https://arstechnica.com/space/2025/05/tuesday-telescope-taking-a-look-at-the-next-generation-of-telescopes/,15
43995005,0.138033,268.,260 points,,https://eoinmurray.info/boltzmann-machine,47
44016265,0.466272,269.,45 points,,https://blog.racket-lang.org/2025/05/racket-v8-17.html,3
43997728,0.408092,270.,71 points,,https://www.construction-physics.com/p/fixing-naval-ship-acquisition,129
44026799,0.533988,1.,84 points,,https://github.com/aspizu/goboscript,22
44020832,0.173698,2.,91 points,,https://techcrunch.com/2025/05/12/inventwood-is-about-to-mass-produce-wood-thats-stronger-than-steel/,83
44012283,0.508553,3.,79 points,,https://www.neowin.net/news/this-printer-company-served-you-malware-for-months-and-dismissed-it-as-false-positives/,28
44027379,0.303879,4.,17 points,,https://www.awanderingmind.blog/posts/2025-05-18-what-does-the-end-of-mathematics-look-like.html,10
43995067,0.524041,5.,174 points,,https://phys.org/news/2025-05-reveals-strongest-solar-event-bc.html,83
44023634,0.575498,6.,19 points,,https://github.com/Blackmamoth/sshsync,17
44020591,0.202748,7.,867 points,,https://domenic.me/fsrs/,458
44025439,0.214782,8.,134 points,,https://worldhistory.substack.com/p/there-are-people-who-can-see-and,22
44022448,0.792353,9.,341 points,,https://amberwilliams.io/blogs/building-my-own-pkms,379
44022353,0.544615,10.,338 points,,https://github.com/brianmg/voynich-nlp-analysis,102
44026170,0.896935,11.,58 points,,https://moonside.games/posts/layers-all-the-way-down/,27
44024759,0.191041,12.,451 points,,https://social.numerique.gouv.fr/@codegouvfr/114529954373492878,125
43993311,1.068946,13.,30 points,,https://blog.briankitano.com/llama-from-scratch/,0
44025484,0.123417,14.,60 points,,https://www.remoteswe.fyi,41
44012418,0.1195,15.,12 points,,https://www.cse.chalmers.se/research/group/logic/book/,0
44022758,0.573443,16.,257 points,,https://sifter.org/~simon/journal/20240718.html,116
44010096,0.235351,17.,34 points,,https://robhorning.substack.com/p/font-activations,0
44022225,0.906864,18.,221 points,,https://notes.andymatuschak.org/Spaced_repetition_memory_system,25
44010684,0.101199,19.,21 points,,https://www.nybooks.com/articles/2025/05/29/the-connoisseur-of-desire-the-annotated-great-gatsby/,0
44022215,1.608253,20.,175 points,,https://old.reddit.com/r/AskReddit/comments/2s9u0s/comment/cnnmca8/,273
44023680,0.274296,21.,98 points,,https://www.kscale.dev/,45
44023144,0.623202,22.,193 points,,https://github.com/skift-org/vaev,110
44024173,0.279505,23.,82 points,,https://pscanf.com/s/341/,59
44005692,0.295302,24.,73 points,,https://www.tech.tickets/,22
44024055,0.520888,25.,71 points,,https://github.com/gvelesandro/constructor-theory-simulator,8
44009185,0.149614,26.,76 points,,https://arxiv.org/abs/2505.08906,14
44023423,0.173158,27.,115 points,,https://every.to/superorganizers/the-fall-of-roam,63
44016037,0.579052,28.,396 points,,https://suberic.net/~dmm/projects/mystical/README.html,45
43999897,0.203284,29.,204 points,,https://www.eff.org/deeplinks/2025/05/memoriam-john-l-young-cryptome-co-founder,25
44026201,0.144341,30.,57 points,,https://ebellani.github.io/blog/2025/the-principles-of-database-design-or-the-truth-is-out-there/,55
44026799,0.158894,1.,83 points,,https://github.com/aspizu/goboscript,22
44020832,0.091435,2.,90 points,,https://techcrunch.com/2025/05/12/inventwood-is-about-to-mass-produce-wood-thats-stronger-than-steel/,81
44012283,0.941974,3.,78 points,,https://www.neowin.net/news/this-printer-company-served-you-malware-for-months-and-dismissed-it-as-false-positives/,28
44027379,0.293376,4.,15 points,,https://www.awanderingmind.blog/posts/2025-05-18-what-does-the-end-of-mathematics-look-like.html,10
43995067,1.122559,5.,173 points,,https://phys.org/news/2025-05-reveals-strongest-solar-event-bc.html,83
44023634,0.144588,6.,18 points,,https://github.com/Blackmamoth/sshsync,16
44020591,0.148145,7.,867 points,,https://domenic.me/fsrs/,458
44025439,0.140094,8.,132 points,,https://worldhistory.substack.com/p/there-are-people-who-can-see-and,22
44022448,0.476143,9.,341 points,,https://amberwilliams.io/blogs/building-my-own-pkms,379
44022353,0.120763,10.,338 points,,https://github.com/brianmg/voynich-nlp-analysis,102
44026170,0.696144,11.,56 points,,https://moonside.games/posts/layers-all-the-way-down/,27
44024759,0.20545,12.,451 points,,https://social.numerique.gouv.fr/@codegouvfr/114529954373492878,125
43993311,1.008641,13.,30 points,,https://blog.briankitano.com/llama-from-scratch/,0
44025484,0.132842,14.,59 points,,https://www.remoteswe.fyi,41
44022758,0.909448,15.,257 points,,https://sifter.org/~simon/journal/20240718.html,116
44010096,0.219001,16.,34 points,,https://robhorning.substack.com/p/font-activations,0
44022225,0.132583,17.,220 points,,https://notes.andymatuschak.org/Spaced_repetition_memory_system,25
44012418,0.109248,18.,11 points,,https://www.cse.chalmers.se/research/group/logic/book/,0
44010684,0.077562,19.,20 points,,https://www.nybooks.com/articles/2025/05/29/the-connoisseur-of-desire-the-annotated-great-gatsby/,0
44022215,1.719436,20.,175 points,,https://old.reddit.com/r/AskReddit/comments/2s9u0s/comment/cnnmca8/,273
44023680,0.242425,21.,98 points,,https://www.kscale.dev/,45
44023144,0.148721,22.,192 points,,https://github.com/skift-org/vaev,110
44024173,0.22211,23.,82 points,,https://pscanf.com/s/341/,59
44005692,0.138654,24.,73 points,,https://www.tech.tickets/,22
44024055,0.147806,25.,71 points,,https://github.com/gvelesandro/constructor-theory-simulator,8
44009185,0.12492,26.,76 points,,https://arxiv.org/abs/2505.08906,14
44023423,0.07781,27.,115 points,,https://every.to/superorganizers/the-fall-of-roam,63
44016037,0.420571,28.,396 points,,https://suberic.net/~dmm/projects/mystical/README.html,45
43999897,0.156242,29.,204 points,,https://www.eff.org/deeplinks/2025/05/memoriam-john-l-young-cryptome-co-founder,25
44026201,0.135789,30.,57 points,,https://ebellani.github.io/blog/2025/the-principles-of-database-design-or-the-truth-is-out-there/,55
43996422,0.539077,31.,4 points,,https://github.com/vseplet/morph,5
44020734,0.511153,32.,189 points,,https://github.com/m4xshen/hardtime.nvim,76
44022484,0.187437,33.,66 points,,https://www.science.org/doi/10.1126/sciadv.adu9368,21
43996770,0.361122,34.,20 points,,https://www.lrb.co.uk/the-paper/v47/n09/ferdinand-mount/the-tongue-is-a-fire,8
44022265,0.51747,35.,93 points,,https://github.com/paddymul/buckaroo,8
44020975,0.190365,36.,65 points,,https://www.filibeto.org/aduritz/truetrue/e10000/how-e10k-wasborn.html,60
44012538,0.543321,37.,16 points,,https://github.com/malloydata/publisher,0
44003928,0.134362,38.,29 points,,https://journalofimaginaryresearch.home.blog/,2
44013201,0.187738,39.,47 points,,https://dezyne.org/dezyne/manual/dezyne/dezyne.html,7
44025324,>3,40.,79 points,,https://phys.org/news/2025-05-emit-faint-extinguishes-death.html,34
44018886,0.41065,41.,133 points,,https://app.camelai.com/log-in?next=/hn/,101
44020626,0.567404,42.,138 points,,https://github.com/parsaghaffari/browserbee,59
44021883,0.524216,43.,56 points,,https://github.com/MinishLab/model2vec-rs,13
43990262,>3,44.,48 points,,https://www.bbc.com/future/article/20250513-what-chestnuts-reveal-about-the-roman-empire,4
44027008,>3,45.,8 points,,https://phys.org/news/2025-05-successful-quantum-error-qudits.html,0
44026456,0.63421,46.,3 points,,https://capalyze.ai/home,2
44021824,0.437499,47.,170 points,,https://fabiensanglard.net/2168/index.html,82
44024784,0.51572,48.,107 points,,https://www.neowin.net/news/kde-is-finally-getting-a-native-virtual-machine-manager-called-karton/,47
43985513,0.3188,49.,956 points,,https://holdtherobot.com/blog/2025/05/11/linux-on-android-with-ar-glasses/,360
44027095,>3,50.,7 points,,https://www.youtube.com/watch?v=bWEXnph1ElI,0
44020315,>3,51.,82 points,,https://cutfoldtemplates.com,4
44025912,0.089333,52.,4 points,,https://home.bearcove.eu/,0
43995094,0.631248,53.,18 points,,https://github.com/charliemeyer/yahtzeeql,8
43994190,0.147409,54.,83 points,,https://leetarxiv.substack.com/p/counting-integer-compositions,42
43991185,0.500384,55.,65 points,,https://github.com/EliseZeroTwo/ml1hax,7
44021191,0.382047,56.,68 points,,https://telcontar.net/Misc/GUI/RISCOS/,21
44020914,>3,57.,47 points,,https://btxx.org/posts/mail/,23
43987367,0.71273,58.,98 points,,https://workflows.diagrid.io/,31
44024393,0.587646,59.,12 points,,https://github.com/nTh0rn/batch-raycaster,3
44020574,0.178467,60.,56 points,,https://www.nan.usace.army.mil/portals/37/docs/history/hellgate.pdf,21
44023471,0.533535,61.,25 points,,https://github.com/gmcgoldr/stackerror,11
43991221,>3,62.,112 points,,https://medium.com/@greptime/how-to-supercharge-your-java-project-with-rust-a-practical-guide-to-jni-integration-with-a-86f60e9708b8,41
44024987,0.147765,63.,7 points,,https://arxiv.org/abs/2505.10494,2
44015872,0.172097,64.,239 points,,https://johncarlosbaez.wordpress.com/2025/05/17/dead-stars-dont-radiate-and-shrink/,135
44016564,0.14176,65.,128 points,,https://arxiv.org/abs/2407.12034,16
44017913,0.107235,66.,335 points,,https://komiko.app/video/AniSora,204
44022781,0.107993,67.,38 points,,https://www.racketmeter.com/,12
43993711,0.298852,68.,334 points,,https://aruarian.dance/blog/japan-ic-cards/,284
43988975,>3,69.,51 points,,https://raymii.org/s/tutorials/High_Available_Mosquitto_MQTT_Broker_on_Kubernetes.html,24
43984770,0.625754,70.,125 points,,https://github.com/espanso/espanso,34
44024756,0.808773,71.,7 points,,https://www.noemamag.com/the-neglected-abundance-of-your-backyard/,0
44024718,0.145384,72.,5 points,,https://jessitron.com/2025/05/18/augmented-coding-better-with-principles/,0
44026959,0.265682,73.,6 points,,https://www.scientificamerican.com/article/linguists-find-proof-of-sweeping-language-pattern-once-deemed-a-hoax/,0
44018283,1.229417,74.,63 points,,https://apps.dtic.mil/sti/pdfs/ADA507172.pdf,26
44026018,0.360383,75.,15 points,,https://berthub.eu/articles/posts/what-the-open-world-must-do-better/,0
44012615,0.553721,76.,184 points,,https://github.com/prathyvsh/os-catalog,62
44024461,>3,77.,6 points,,https://btxx.org/posts/slow/,0
44024842,0.283137,78.,45 points,,https://halcrawford.substack.com/p/the-economists-global-rip-off,21
44011232,0.709719,79.,19 points,,https://www.bleepingcomputer.com/news/microsoft/microsoft-confirms-may-windows-10-updates-trigger-bitlocker-recovery/,3
44013157,0.251318,80.,535 points,,https://matklad.github.io/2023/11/15/push-ifs-up-and-fors-down.html,193
44020019,0.462653,81.,54 points,,https://www.lucidapogee.com/?page=craftbasic,10
43993707,0.118695,82.,162 points,,https://microsoft.github.io/verona/pyrona.html,131
44026367,0.154695,83.,10 points,,https://blogs.kde.org/2025/05/18/gsoc-2025-project-intro-developing-karton-the-kde-virtual-machine-manager/,0
43995501,0.914491,84.,76 points,,https://www.downtowndougbrown.com/2025/05/how-i-fixed-the-infamous-basilisk-ii-windows-black-screen-bug-in-2013/,9
44018301,0.194209,85.,186 points,,https://boydkane.com/essays/experts,114
44015649,0.098469,86.,139 points,,https://new.knife.day/blog/knife-steel-comparisons/all,82
44024867,0.272289,87.,4 points,,https://www.etymonline.com/columns/post/bio,2
44018662,0.144607,88.,42 points,,https://mathpn.com/posts/climbing-trees-1/,4
43997636,0.250923,89.,1228 points,,https://www.nytimes.com/2025/05/15/health/gene-editing-personalized-rare-disorders.html,522
44017692,0.408399,90.,147 points,,https://www.journaldulapin.com/2025/05/17/the-lost-japanese-rom-of-the-macintosh-plus-which-isnt-lost-anymore/,44
44017592,0.469607,91.,111 points,,https://freebasic.net/,41
44024605,0.137256,92.,9 points,,https://weddingeddon.com/,3
44015144,0.539255,93.,334 points,,https://tadaima.bearblog.dev/if-nothing-is-curated-how-do-we-find-things/,243
43976274,0.181683,94.,85 points,,https://www.theguardian.com/science/2025/may/13/heart-cells-mouse-embryo-science-research,18
44015367,1.374296,95.,254 points,,https://webkit.org/blog/16929/contrast-color/,72
44009848,0.219741,96.,483 points,,https://cloud.google.com/blog/products/databases/techniques-for-improving-text-to-sql,344
43983201,0.243434,97.,66 points,,https://www.morling.dev/blog/streaming-vs-batch-wrong-dichotomy/,42
44014046,0.206504,98.,336 points,,https://mastdatabase.co.uk/blog/2025/05/o2-expose-customer-location-call-4g/,69
43991554,0.133272,99.,22 points,,https://www.nytimes.com/2025/05/14/arts/design/sothebys-flop-giacometti-sculptor.html,27
44014587,0.314796,100.,218 points,,https://30fps.net/pages/palette-lighting-tricks-n64/,52
44020469,0.182483,101.,26 points,,https://iplo.nl/publish/pages/235260/state-of-the-art-pfas.pdf,4
43986821,0.212756,102.,60 points,,https://www.nature.com/articles/d41586-025-01515-z,44
43997135,0.522713,103.,140 points,,https://popcorn.swmansion.com/,27
43996555,0.779365,104.,143 points,Launch HN: Tinfoil (YC X25): Verifiable Privacy for Cloud AI,https://news.ycombinator.com/item?id=43996555,100
44023995,0.310683,105.,3 points,,https://www.clickworlddaily.com/2025/05/why-every-generation-thinks-its-last.html,2
43997467,0.174135,106.,44 points,,https://austinkleon.substack.com/p/a-library-of-words,13
44007644,1.084703,107.,0 points,,https://news.ycombinator.com/from?site=ycombinator.com,0
44021607,0.594619,108.,7 points,,https://graffitiart.app,0
44013913,>3,109.,230 points,,https://engineering.fb.com/2025/05/15/developer-tools/introducing-pyrefly-a-new-type-checker-and-ide-experience-for-python/,155
44015557,0.567333,110.,33 points,,https://github.com/anthay/ELIZA,6
44012227,0.155776,111.,323 points,,https://v8.dev/features/explicit-resource-management,227
43991962,2.628874,112.,76 points,,https://rohan.ga/blog/startup_types/,83
43998049,0.778864,113.,189 points,,https://windsurf.com/blog/windsurf-wave-9-swe-1,61
44016289,0.472895,114.,45 points,,https://xata.io/blog/xata-postgres-with-data-branching-and-pii-anonymization,16
43983196,0.153514,115.,95 points,,https://newatlas.com/bicycles/proxicycle-bicycle-sensor-safe-cycling-routes/,59
44022384,0.233598,116.,7 points,,https://intmainreturn0.com/notes/stacktrace-is-finally-cheap.html,0
44024503,0.154621,117.,22 points,,https://www.nytimes.com/2025/05/17/business/paychex-401k-rollover-checks.html,17
44019386,0.19791,118.,141 points,,https://www.theguardian.com/us-news/2025/may/18/mexican-navy-ship-hits-brooklyn-bridge-during-promotional-tour,78
44008843,0.566926,119.,676 points,,https://dcurt.is/thinking,424
44023635,0.07347,120.,5 points,,http://inversed.ru/CoreWar_Challenge_2.htm,2
44012729,0.229825,121.,108 points,,https://seiya.me/blog/riscv-hypervisor,4
44011254,0.697379,122.,79 points,,https://github.com/merliot/hub,23
44027100,0.586433,123.,4 points,,https://www.gimp.org/news/2025/05/18/gimp-3-0-4-released/,0
44006345,0.13934,124.,500 points,,https://openai.com/index/introducing-codex/,426
44017832,0.806338,125.,34 points,,https://flang.llvm.org/docs/FortranForCProgrammers.html,29
44013181,0.232819,126.,92 points,,https://topp.openproblem.net/,12
44011381,0.520839,127.,188 points,,https://lwn.net/SubscriberLink/1017720/7155ecb9602e9ef2/,209
43998341,0.16306,128.,28 points,,https://github.com/pixeltable/pixelagent,14
44014808,0.19816,129.,466 points,,https://www.techradar.com/vpn/vpn-privacy-security/we-would-be-less-confidential-than-google-proton-threatens-to-quit-switzerland-over-new-surveillance-law,207
44013671,0.154055,130.,66 points,,https://miasap.se/obnc/,20
44025022,0.458504,131.,71 points,,https://github.com/veltman/ca-license-plates,80
43971177,0.455959,132.,296 points,,https://www.thecoder.cafe/p/complex-systems,142
44023663,0.206205,133.,50 points,,https://addyo.substack.com/p/ai-wont-kill-junior-devs-but-your,67
44022233,0.573845,134.,63 points,,https://apod.nasa.gov/apod/ap250518.html,16
44022876,0.228876,135.,5 points,,https://passo.uno/how-to-grow-senior-tech-writer/,0
44012247,0.63919,136.,47 points,,https://github.com/SimonHalvdansson/Harmonic-HN,20
43987852,0.185546,137.,33 points,,https://www.jpl.nasa.gov/news/nasa-observes-first-visible-light-auroras-at-mars/,6
44006426,0.167172,138.,377 points,,https://economics.mit.edu/news/assuring-accurate-research-record,197
44000759,0.12552,139.,226 points,,https://teal-language.org/,167
44026202,0.250678,140.,45 points,,https://www.wsj.com/us-news/education/college-towns-economy-macomb-illinois-aae84dcc,42
44026182,>3,141.,4 points,,https://www.youtube.com/watch?v=zMnNVJkIf6I,0
44011489,0.316824,142.,191 points,,https://phl.upr.edu/wow/outreach,33
43981198,>3,143.,88 points,,https://www.bbc.co.uk/news/articles/cx2enydkew3o,291
44016621,0.14315,144.,138 points,,https://arxiv.org/abs/2505.09662,114
44005195,0.134772,145.,161 points,,https://kobzol.github.io/rust/rustc/2025/05/16/evolution-of-rustc-errors.html,35
43984860,0.137326,146.,146 points,,https://radanskoric.com/articles/coding-agent-in-ruby,83
44013046,0.211891,147.,38 points,,https://blog.zamzar.com/2016/07/13/life-before-the-web-running-a-startup-in-the-1980s/,7
44017098,0.136452,148.,22 points,,https://www.legacy.com/us/obituaries/name/gail-wellington-obituary?id=58418580,6
43998707,0.170326,149.,171 points,,https://codeberg.org/unspeaker/tek,23
43985489,0.179521,150.,1021 points,,https://deepmind.google/discover/blog/alphaevolve-a-gemini-powered-coding-agent-for-designing-advanced-algorithms/,264
43993897,1.17394,151.,114 points,,https://arstechnica.com/space/2025/05/venus-aerospace-flies-its-rotating-detonation-rocket-engine-for-the-first-time/,73
43977896,0.294101,152.,48 points,,https://loeber.substack.com/p/24-insurance-for-ai-easier-said-than,18
44022188,0.235174,153.,3 points,,https://elsman.com/mlkit/pdf/retro.pdf,0
44017317,0.424787,154.,20 points,,https://heimildin.is/grein/24581/,4
44021993,0.17901,155.,3 points,,https://akselmo.dev/posts/konsole-layout-changes/,0
44006381,0.790658,156.,250 points,"I'm Peter Roberts, immigration attorney, who does work for YC and startups. AMA",https://news.ycombinator.com/item?id=44006381,446
44008412,0.326908,157.,74 points,,https://www.lrb.co.uk/the-paper/v47/n09/david-thomson/cool-tricking,43
43975352,1.137632,158.,352 points,,https://design.google/library/expressive-material-design-google-research,547
43975404,0.29109,159.,69 points,,https://nick-lane.net/books/transformer-the-deep-chemistry-of-life-and-death/,10
43974872,0.769761,160.,130 points,,https://yeet.cx/blog/lock-free-rust/,59
44013470,>3,161.,32 points,,https://www.washingtonpost.com/technology/2025/05/16/google-amazon-ebooks-apps/,10
44014661,0.595019,162.,28 points,,https://github.com/PhialsBasement/AlphaEvolve-MatrixMul-Verification,0
43997932,0.203041,163.,125 points,,https://www.experimental-history.com/p/new-paradigm-for-psychology-just,89
43982495,0.765397,164.,103 points,,https://www.nextplatform.com/2025/05/12/armv9-architecture-helps-lift-arm-to-new-financial-heights/,94
43972425,0.7941,165.,215 points,"Launch HN: Miyagi (YC W25) turns YouTube videos into online, interactive courses",https://news.ycombinator.com/item?id=43972425,120
43999748,0.214912,166.,426 points,,https://hueffner.de/falk/blog/a-leap-year-check-in-three-instructions.html,163
43988381,0.589687,167.,223 points,,https://github.com/pig-dot-dev/muscle-mem,51
44006231,0.566538,168.,243 points,,https://github.com/gorenje/erlang-red,101
43976504,0.245311,169.,89 points,,https://dancrimp.nz/2025/03/31/hardware/,12
44015162,>3,170.,18 points,,https://public.support.unisys.com/framework/publicterms.aspx?returnurl=%2faseries%2fdocs%2fClearPath-MCP-20.0%2f26211060-014%2fWebHelp%2fIntroduction_to_Security_Services%2fSecurity_Overview.htm,2
43996307,1.210621,171.,416 points,,https://www.cnbc.com/2025/05/15/coinbase-says-hackers-bribed-staff-to-steal-customer-data-and-are-demanding-20-million-ransom.html,494
43993982,0.804753,172.,55 points,Ask HN: What's your go-to message queue in 2025?,https://news.ycombinator.com/item?id=43993982,90
44009894,0.513991,173.,68 points,,https://github.com/vcms-io/solidis,8
43972334,0.40563,174.,207 points,,https://www.speakeasy.com/mcp/mcp-tutorial,93
43998115,0.497473,175.,140 points,,https://ahelwer.ca/post/2025-05-15-tla-dev-status/,37
44005110,0.36513,176.,109 points,,https://www.lesswrong.com/posts/YE4XsvSFJiZkWFtFE/explaining-british-naval-dominance-during-the-age-of-sail,85
44001391,0.557144,177.,92 points,,https://github.com/billorcutt/i_dropped_my_phone_the_screen_cracked,23
43994333,0.809539,178.,155 points,,https://juhrjuhr.itch.io/deep-space-exploitation/devlog/945428/9-pathfinding,46
44012074,0.711144,179.,46 points,,https://github.com/moustafa-nasr/fahmatrix,13
44014011,0.352147,180.,22 points,,https://cheriot.org/cheri/history/2025/05/16/last-ten-years.html,0
44010922,0.171143,181.,68 points,,https://theintercept.com/2025/05/12/google-nimbus-israel-military-ai-human-rights/,22
44026294,>3,182.,11 points,,https://www.youtube.com/watch?v=AiekGcwaIho,4
44024548,1.241969,183.,11 points,,https://old.reddit.com/r/AI_Agents/comments/1knch0r/ai_agents_in_2025_what_everyones_getting_wrong/,0
44016946,1.041833,184.,26 points,,https://ai-tutor.mvpwrappers.com/,7
44021028,0.407276,185.,130 points,,https://www.jefftk.com/p/google-logo-ligature-bug,38
44003445,0.258519,186.,288 points,,https://labs.quansight.org/blog/free-threaded-one-year-recap,284
43996226,0.648682,187.,23 points,,https://www.sci.news/astronomy/titan-weather-13907.html,0
43991396,0.905149,188.,722 points,,https://quarter--mile.com/Human,266
43972669,0.399377,189.,169 points,,https://www.memorysafety.org/blog/rustls-server-perf/,59
43971853,0.206761,190.,684 points,,https://neal.fun/internet-artifacts/,139
43983871,0.275564,191.,796 points,,https://www.lux.camera/what-is-hdr/,336
44007714,1.282045,192.,51 points,,https://www.quantamagazine.org/new-superdiffusion-proof-probes-the-mysterious-math-of-turbulence-20250516/,11
44011515,0.601951,193.,192 points,,https://github.com/xtool-org/xtool,61
44004827,0.536683,194.,85 points,,https://github.com/pgjones/sql-tstring,35
43970953,0.283079,195.,56 points,,https://lpython.org/blog/2023/07/lpython-novel-fast-retargetable-python-compiler/,23
44016530,0.479244,196.,107 points,,https://robertheaton.com/2020/02/05/wacom-drawing-tablets-track-name-of-every-application-you-open/,50
44006824,0.181877,197.,194 points,,https://arxiv.org/abs/2505.09814,60
43981971,0.503619,198.,144 points,,https://github.com/Nicoshev/rapidhash,52
43973677,0.380152,199.,71 points,,https://spectrum.ieee.org/zinc-microcapacitor,8
43970057,0.167891,200.,92 points,,https://gkrellm.srcbox.net/,36
43972449,0.140387,201.,68 points,,https://www.jasonthorsness.com/26,26
44025610,0.47641,202.,4 points,,https://staysaasy.com/management/2025/04/06/precise-language.html,0
44011139,0.341182,203.,37 points,,http://www.mrob.com/pub/comp/xmorphia/ogl/index.html,4
43998008,0.285611,204.,90 points,,https://computeradsfromthepast.substack.com/p/dr-dobbs-journal-interviews-jef-raskin,79
43998472,0.618373,205.,439 points,,https://sketch.dev/blog/agent-loop,317
43994827,0.719161,206.,143 points,,https://github.com/axbycc/LiveSplat,51
44023081,0.603982,207.,12 points,,https://www.xda-developers.com/llm-running-commodore-64/,4
44003347,0.234898,208.,77 points,,https://blog.fka.dev/blog/2025-05-16-beyond-text-only-ai-on-demand-ui-generation-for-better-conversational-experiences/,38
43972485,0.239003,209.,211 points,,https://davelucia.com/blog/lua-elixir,79
44001087,0.30769,210.,351 points,,https://ollama.com/blog/multimodal-models,83
44006735,0.604372,211.,75 points,,https://github.com/A2-ai/rv,31
43988070,0.197932,212.,31 points,,https://advanced.onlinelibrary.wiley.com/doi/10.1002/advs.202412167,6
43992242,0.505073,213.,32 points,,http://muratbuffalo.blogspot.com/2025/05/chapter-2-serializability-theory.html,0
43975423,0.623305,214.,236 points,,https://github.com/HelixDB/helix-db/,107
44015614,0.418275,215.,18 points,,https://github.com/kordless/gnosis-evolve/blob/main/README.md,2
44025380,>3,216.,5 points,,https://twitter.com/jxmnop/status/1924207755956478400,0
44004625,>3,217.,274 points,,https://sci-hub.se/sci-net,119
43991500,0.227172,218.,32 points,,https://www.nature.com/articles/d41586-025-01464-7,2
44009464,0.132576,219.,193 points,,https://clojurescript.org/news/2025-05-16-release,42
44015657,0.235698,220.,99 points,,https://bigthink.com/strange-maps/portugal-to-singapore-train/,44
44005008,0.24409,221.,243 points,,https://thenewstack.io/java-at-30-the-genius-behind-the-code-that-changed-tech/,405
44007065,0.545129,222.,68 points,,https://github.com/browser-use/workflow-use,22
43996431,0.250479,223.,482 points,,https://dynomight.net/numpy/,205
44025299,0.235474,224.,4 points,,https://slate.com/life/2025/05/jobs-ai-job-hiring-character-interview.html,0
44024843,0.211757,225.,58 points,,https://www.uu.se/en/press/press-releases/2025/2025-05-15-the-effect-of-physical-fitness-on-mortality-is-overestimated,75
44004388,0.268244,226.,509 points,,https://virtualize.sh/blog/ground-control-to-major-trial/,189
44025263,0.172884,227.,7 points,,https://www.sciencealert.com/the-universe-is-suspiciously-like-a-computer-simulation-physicist-says,5
44019193,0.809857,228.,15 points,Ask HN: Do people actually pay for small web tools?,https://news.ycombinator.com/item?id=44019193,14
44008005,0.132729,229.,34 points,,https://twistedsifter.com/2013/02/what-200-calories-of-various-foods-look-like/,8
44022352,0.156837,230.,10 points,,https://en.wikipedia.org/wiki/Squirrel_(programming_language),0
44024322,0.893577,231.,14 points,,https://www.bloomberg.com/news/features/2025-05-18/how-apple-intelligence-and-siri-ai-went-so-wrong,4
44001765,0.387099,232.,197 points,,https://faculty.georgetown.edu/jod/texts/twain.german.html,472
43971515,0.187836,233.,439 points,,https://www.nytimes.com/interactive/2025/05/11/upshot/congestion-pricing.html,702
44022859,0.214499,234.,8 points,,https://www.psychologytoday.com/us/blog/meaningful-work/202505/the-three-cs-of-meaningful-work,2
43971616,0.241351,235.,306 points,,https://devblogs.microsoft.com/oldnewthing/20250507-00/?p=111157,164
43997071,0.166667,236.,30 points,,https://www.smithsonianmag.com/travel/the-joys-of-discovering-the-roman-underground-from-the-colosseum-to-whats-beneath-the-trevi-foundation-180986626/,18
43995700,0.118397,237.,13 points,,https://www.newyorker.com/culture/infinite-scroll/how-cory-arcangel-recovered-a-late-artists-digital-legacy,5
44022799,0.184087,238.,13 points,,https://www.livescience.com/technology/artificial-intelligence/ai-models-cant-tell-time-or-read-a-calendar-study-reveals,7
44017682,0.109703,239.,57 points,,https://gabrielweinberg.com/p/science-funding-was-already-way-too,4
44014384,0.197754,240.,55 points,,https://www.theatlantic.com/technology/archive/2025/05/alternative-device-fair/682837/,57
43986424,0.170824,241.,182 points,,https://aeon.co/essays/why-does-every-film-and-tv-series-seem-to-have-the-same-plot,143
43984097,0.246655,242.,185 points,,https://www.blacksmith.sh/blog/the-economics-of-operating-a-ci-cloud,44
44010694,0.576268,243.,23 points,,https://github.com/pallene-lang/pallene,3
44022529,0.246513,244.,17 points,,https://yusufaytas.com/reflecting-on-software-engineering-handbook/,0
44024919,0.213318,245.,54 points,,https://www.wsj.com/finance/currencies/crypto-industry-robberies-attacks-32c2867a,31
43982892,0.159828,246.,93 points,,https://easel.games/about,44
43996251,0.151796,247.,115 points,,https://undetectag.com/,98
44014384,0.158954,248.,55 points,,https://www.theatlantic.com/technology/archive/2025/05/alternative-device-fair/682837/,58
44024896,1.373498,249.,6 points,,https://www.escardio.org/The-ESC/Press-Office/Press-releases/Waist-to-height-ratio-predicts-heart-failure-incidence,2
43998485,0.211508,250.,21 points,,https://www.mux.com/blog/worst-video-player,9
43968693,0.385772,251.,76 points,,https://beesbuzz.biz/blog/14719-Comma-3X-Initial-impressions,55
43974461,0.545962,252.,153 points,,https://yucatanmagazine.com/mayan-language-renaissance/,65
44020295,0.413697,253.,30 points,,https://greasyfork.org/en/scripts/452024-hacker-news-anti-paywall,7
43972154,0.228493,254.,30 points,,https://www.nature.com/articles/s41467-025-58659-9,5
43988518,1.139439,255.,17 points,,https://research.ibm.com/blog/richard-garwin-obituary,0
43971442,0.233769,256.,55 points,,https://en.wikipedia.org/wiki/Rolling_highway,40
43986229,0.802577,257.,14 points,,https://spacepolicyonline.com/news/im-2s-imperfect-landing-due-to-altimeter-interference-south-pole-lighting-conditions/,4
44000700,0.286609,258.,340 points,,https://www.theregister.com/2025/05/15/voyager_1_survives_with_thruster_fix/,86
43971941,0.232359,259.,78 points,,https://www.nasa.gov/centers-and-facilities/stennis/stennis-first-open-source-software/,32
43997286,0.227109,260.,58 points,,https://www.mbid.me/posts/stop-using-rest-for-state-synchronization/,29
43999492,0.205605,261.,187 points,,https://blog.tartanllama.xyz/initialization-is-bonkers/,248
43982784,1.107097,262.,89 points,,https://ati.woodlandtrust.org.uk/,71
44013154,0.257233,263.,69 points,,https://sidsite.com/posts/life-transformer/,35
44010659,0.164513,264.,29 points,,https://www.nytimes.com/2025/05/04/books/review/the-dazzling-paget-sisters-ariane-bankes.html,6
44009621,0.140874,265.,41 points,,https://aeon.co/essays/who-needs-ai-text-generation-when-theres-erasmus-of-rotterdam,12
43971944,0.748661,266.,30 points,,https://arstechnica.com/space/2025/05/tuesday-telescope-taking-a-look-at-the-next-generation-of-telescopes/,15
44010705,0.184925,267.,113 points,,https://cacm.acm.org/news/the-collapse-of-gpt/,143
43995005,0.130785,268.,260 points,,https://eoinmurray.info/boltzmann-machine,47
44016265,0.486395,269.,45 points,,https://blog.racket-lang.org/2025/05/racket-v8-17.html,3
43997728,0.107636,270.,71 points,,https://www.construction-physics.com/p/fixing-naval-ship-acquisition,129
